load_input_U0.grp_load_input_Pipeline_load_input_loop_VITIS_LOOP_8_1_fu_80,load_input_loop_VITIS_LOOP_8_1,upc_loop_status1.csv
compute_U0,VITIS_LOOP_40_1,seq_loop_status1.csv
compute_U0.grp_myproject_fu_378.conv_2d_cl_array_ap_ufixed_1u_array_ap_ufixed_5_3_5_3_0_16u_config3_U0,ReadInputHeight_ReadInputWidth,upc_loop_status2.csv
compute_U0.grp_myproject_fu_378.relu_array_ap_ufixed_16u_array_ap_ufixed_5_3_5_3_0_16u_relu_config4_U0,ReLUActLoop,upc_loop_status3.csv
compute_U0.grp_myproject_fu_378.pooling2d_cl_array_array_ap_ufixed_4_2_0_3_0_16u_config5_U0,ReadInputHeight_ReadInputWidth,pp_loop_status1.csv
compute_U0.grp_myproject_fu_378.conv_2d_cl_array_ap_ufixed_16u_array_ap_fixed_10_5_5_3_0_16u_config7_U0,ReadInputHeight_ReadInputWidth,upc_loop_status4.csv
compute_U0.grp_myproject_fu_378.relu_array_ap_fixed_16u_array_ap_ufixed_9_4_5_3_0_16u_relu_config8_U0,ReLUActLoop,upc_loop_status5.csv
compute_U0.grp_myproject_fu_378.pooling2d_cl_array_array_ap_ufixed_4_2_0_3_0_16u_config9_U0,ReadInputHeight_ReadInputWidth,pp_loop_status2.csv
compute_U0.grp_myproject_fu_378.dense_array_ap_ufixed_16u_array_ap_fixed_15_9_5_3_0_10u_config13_U0.grp_dense_array_array_ap_fixed_15_9_5_3_0_10u_config13_Pipeline_DataPrepare_fu_531,DataPrepare,upc_loop_status6.csv
store_result_U0.grp_store_result_Pipeline_store_result_loop_fu_54,store_result_loop,upc_loop_status7.csv
