epoch;accuracy;ebops;loss;val_accuracy;val_loss
0;0.47745031118392944;204820;21.778188705444336;0.1655060201883316;7.428669452667236
1;0.5800241231918335;204820;21.54361343383789;0.12328915297985077;6.820537090301514
2;0.6422349214553833;196628;21.03789520263672;0.09386144578456879;9.237131118774414
3;0.6909518241882324;196628;20.55698585510254;0.11268674582242966;9.53237533569336
4;0.7026987671852112;207924;20.875411987304688;0.08034337311983109;16.9399356842041
5;0.6504412889480591;147902;16.705310821533203;0.13473494350910187;12.54105281829834
6;0.6839306950569153;145938;15.57957649230957;0.14663855731487274;13.806779861450195
7;0.693234920501709;142366;15.214958190917969;0.14211446046829224;9.755738258361816
8;0.7002952098846436;145181;15.313469886779785;0.10383132845163345;14.183992385864258
9;0.7146927714347839;144943;15.343328475952148;0.1325843334197998;14.20556640625
10;0.7165888547897339;144824;15.302949905395508;0.11748192459344864;16.63083267211914
11;0.712810218334198;141686;15.088544845581055;0.1451626569032669;11.211222648620605
12;0.7185662388801575;141646;14.97728443145752;0.1912168711423874;12.354620933532715
13;0.7158780097961426;141604;14.981423377990723;0.10884939879179001;12.14043140411377
14;0.7186053991317749;141374;14.964245796203613;0.14253614842891693;8.980128288269043
15;0.7205933928489685;119596;13.920466423034668;0.14574699103832245;9.236861228942871
16;0.7086581587791443;105648;12.233369827270508;0.2273975908756256;8.954703330993652
17;0.7060753107070923;103882;11.362895965576172;0.10739759355783463;18.59304428100586
18;0.7020180821418762;101520;11.132979393005371;0.11381927877664566;10.221961975097656
19;0.7065737843513489;99942;10.922303199768066;0.1656506061553955;15.749711990356445
20;0.7025979161262512;94494;10.385109901428223;0.181753009557724;8.800695419311523
21;0.7102168798446655;93539;10.242055892944336;0.1926746964454651;12.971259117126465
22;0.7004126310348511;94891;10.264039993286133;0.14274698495864868;8.705719947814941
23;0.7087786197662354;96220;10.302125930786133;0.14452409744262695;18.621583938598633
24;0.7055662870407104;95771;10.447193145751953;0.0681987926363945;20.034940719604492
25;0.6992093324661255;81517;9.83828067779541;0.18384337425231934;20.87595558166504
26;0.6860858201980591;71351;8.380119323730469;0.1834036111831665;15.14034652709961
27;0.6998418569564819;66810;7.747220516204834;0.15319277346134186;10.044644355773926
28;0.7023629546165466;65873;7.494534015655518;0.1113915666937828;10.301079750061035
29;0.7025933861732483;63330;7.313392162322998;0.20518071949481964;12.317179679870605
30;0.6972575187683105;59436;7.005290508270264;0.15741565823554993;10.153220176696777
31;0.703180730342865;58002;6.7304253578186035;0.1413433700799942;10.515108108520508
32;0.6983945965766907;53198;6.544477462768555;0.22721686959266663;12.317061424255371
33;0.6994262337684631;52370;6.134042739868164;0.15385542809963226;9.861919403076172
34;0.7141867280006409;51553;6.026370048522949;0.1335722953081131;10.245375633239746
35;0.7177801132202148;50231;5.938858509063721;0.17095181345939636;9.751643180847168
36;0.708522617816925;36289;5.066740989685059;0.19629518687725067;11.35275936126709
37;0.7146942615509033;31057;4.178924560546875;0.17055422067642212;11.446920394897461
38;0.7104141712188721;27256;3.7478718757629395;0.23005421459674835;15.501684188842773
39;0.7087605595588684;24332;3.420905828475952;0.17286144196987152;10.723174095153809
40;0.7146701812744141;22295;3.1711626052856445;0.1476084291934967;11.788309097290039
41;0.7148704528808594;20560;2.9744644165039062;0.17583131790161133;10.85285758972168
42;0.7081490755081177;19053;2.8259634971618652;0.1864216923713684;14.231335639953613
43;0.7126566171646118;17853;2.676023244857788;0.11411445587873459;13.509519577026367
44;0.7172665596008301;16598;2.543320417404175;0.2370481938123703;12.477828025817871
45;0.7162485122680664;15371;2.420881748199463;0.10053614526987076;14.002867698669434
46;0.7090843319892883;14687;2.3564770221710205;0.15230722725391388;12.62817668914795
47;0.7102605700492859;14386;2.308239221572876;0.18860240280628204;12.101591110229492
48;0.6828945875167847;13618;2.293578624725342;0.13318674266338348;16.32567024230957
49;0.717646062374115;12974;2.17020320892334;0.1853373497724533;14.805819511413574
50;0.7203795313835144;12374;2.1046173572540283;0.17105421423912048;16.632070541381836
51;0.7191219925880432;11713;2.032602071762085;0.2286626547574997;14.018977165222168
52;0.7181415557861328;11081;1.9607564210891724;0.2194819301366806;14.563823699951172
53;0.7237514853477478;10460;1.8918120861053467;0.21662047505378723;10.310200691223145
54;0.719649076461792;9991;1.8426764011383057;0.2246566265821457;11.445563316345215
55;0.7202349305152893;9229;1.7900809049606323;0.12560240924358368;12.197389602661133
56;0.7182093262672424;8512;1.7084743976593018;0.14863252639770508;11.545563697814941
57;0.7138147354125977;8316;1.6803467273712158;0.21763253211975098;9.975251197814941
58;0.7220978736877441;7956;1.6370728015899658;0.17983734607696533;7.6279826164245605
59;0.7228584289550781;7632;1.5824992656707764;0.1997530162334442;8.103622436523438
60;0.7158493995666504;7500;1.5775326490402222;0.20580722391605377;7.413039207458496
61;0.7177063226699829;7463;1.608941674232483;0.14562048017978668;9.480490684509277
62;0.7139472961425781;7216;1.5698142051696777;0.1756325364112854;10.99726676940918
63;0.7138990759849548;6669;1.5265607833862305;0.19072289764881134;5.845982551574707
64;0.72315514087677;6586;1.4741066694259644;0.19537952542304993;8.973196983337402
65;0.7159849405288696;6421;1.481049656867981;0.2359216809272766;9.552910804748535
66;0.7209427952766418;6233;1.4462171792984009;0.19124698638916016;7.261542797088623
67;0.7108840346336365;6081;1.458503007888794;0.20739759504795074;8.453845024108887
68;0.7141295075416565;6056;1.456790804862976;0.14985541999340057;9.96729564666748
69;0.7118313312530518;5823;1.4336984157562256;0.16530722379684448;10.31568717956543
70;0.7203463912010193;5645;1.3896170854568481;0.13415662944316864;11.283446311950684
71;0.7076746821403503;5421;1.3951175212860107;0.1474698781967163;10.01114273071289
72;0.720572292804718;5437;1.357785940170288;0.14067469537258148;13.668242454528809
73;0.7123689651489258;5260;1.366652250289917;0.15331324934959412;12.563366889953613
74;0.7230361700057983;5132;1.3183504343032837;0.15446987748146057;12.784971237182617
75;0.7225662469863892;4905;1.3076808452606201;0.1589518040418625;11.734752655029297
76;0.7148388624191284;4950;1.3246595859527588;0.1891927719116211;12.149752616882324
77;0.699295163154602;4887;1.355493426322937;0.16968674957752228;13.276215553283691
78;0.7221144437789917;4755;1.2898987531661987;0.17018674314022064;13.10523796081543
79;0.7097259163856506;4639;1.3539354801177979;0.21466867625713348;13.01159381866455
80;0.7173870205879211;4533;1.2969732284545898;0.19030120968818665;10.13369083404541
81;0.7221550941467285;4436;1.2593599557876587;0.17183734476566315;11.063840866088867
82;0.710737943649292;4328;1.2715879678726196;0.20300602912902832;8.538269996643066
83;0.7101219892501831;4259;1.2855168581008911;0.15864457190036774;9.129509925842285
84;0.7175406813621521;4150;1.2442796230316162;0.13391566276550293;5.216828346252441
85;0.7182168960571289;3966;1.2244690656661987;0.15592771768569946;7.588799476623535
86;0.7110738158226013;3963;1.2371238470077515;0.1995542198419571;8.23681354522705
87;0.7173147797584534;4016;1.2303763628005981;0.1556204855442047;10.764810562133789
88;0.7203449010848999;3887;1.2112922668457031;0.16044577956199646;11.188959121704102
89;0.7232530117034912;3830;1.1894668340682983;0.15381325781345367;12.679767608642578
90;0.7275767922401428;3693;1.1668950319290161;0.1710602343082428;13.06395149230957
91;0.7219864726066589;3616;1.1800122261047363;0.14357830584049225;8.74570369720459
92;0.7227123379707336;3592;1.166398286819458;0.14848192036151886;10.607658386230469
93;0.7252394556999207;3541;1.154209852218628;0.14856626093387604;11.294987678527832
94;0.7247379422187805;3451;1.1570940017700195;0.1605602353811264;12.975666046142578
95;0.7224051356315613;3473;1.1591593027114868;0.16238553822040558;13.717972755432129
96;0.7162966728210449;3371;1.1739705801010132;0.16669879853725433;8.002435684204102
97;0.7084548473358154;3424;1.1875306367874146;0.21742168068885803;6.9640984535217285
98;0.7155511975288391;3339;1.174088716506958;0.16727711260318756;9.587678909301758
99;0.7142861485481262;3324;1.173305630683899;0.2168373465538025;10.936944007873535
100;0.722561776638031;3302;1.1480497121810913;0.17934337258338928;9.82735824584961
101;0.7105632424354553;3267;1.1833704710006714;0.16813252866268158;6.222394943237305
102;0.7234864234924316;3180;1.1268330812454224;0.22298192977905273;9.287477493286133
103;0.7130542397499084;3117;1.1409767866134644;0.1704939752817154;9.63048267364502
104;0.7119457721710205;3107;1.1479313373565674;0.18531927466392517;9.624951362609863
105;0.7272891402244568;3031;1.095735788345337;0.15181325376033783;8.677192687988281
106;0.7217153906822205;2890;1.1028056144714355;0.17334337532520294;7.392989635467529
107;0.7075828313827515;2872;1.161730170249939;0.15840964019298553;11.898789405822754
108;0.7222816348075867;2839;1.1038386821746826;0.1742590367794037;9.810844421386719
109;0.718350887298584;2859;1.1067249774932861;0.14759638905525208;11.315034866333008
110;0.72336745262146;2787;1.0862330198287964;0.16260240972042084;12.354178428649902
111;0.7281731963157654;2793;1.070639729499817;0.16490964591503143;12.472161293029785
112;0.7231099605560303;2806;1.085275650024414;0.15774698555469513;15.645955085754395
113;0.725301206111908;2794;1.0752267837524414;0.16765663027763367;11.331096649169922
114;0.7191942930221558;2719;1.082522988319397;0.1604156643152237;12.160052299499512
115;0.7278614640235901;2720;1.056993007659912;0.1645662635564804;12.515962600708008
116;0.7293779850006104;2624;1.0527838468551636;0.16253012418746948;11.554327964782715
117;0.7237394452095032;2646;1.0713945627212524;0.1631445735692978;14.811361312866211
118;0.7124547958374023;2588;1.090980887413025;0.1690843403339386;10.860766410827637
119;0.7234879732131958;2632;1.0666823387145996;0.17389759421348572;11.252782821655273
120;0.725171685218811;2591;1.067854881286621;0.16061446070671082;12.411072731018066
121;0.7253057360649109;2515;1.0585201978683472;0.16471686959266663;12.686474800109863
122;0.7198463678359985;2498;1.0663808584213257;0.16349999606609344;15.786484718322754
123;0.7268433570861816;2521;1.049739122390747;0.16599999368190765;13.923444747924805
124;0.7159488201141357;2468;1.0823286771774292;0.17146988213062286;12.02490520477295
125;0.7183780074119568;2388;1.060919165611267;0.15097589790821075;13.41079044342041
126;0.7186370491981506;2364;1.0518577098846436;0.15859638154506683;16.36395263671875
127;0.7071581482887268;2388;1.0908966064453125;0.2277650535106659;8.960111618041992
128;0.7211400866508484;2474;1.0689960718154907;0.1565602421760559;14.974618911743164
129;0.704784631729126;2432;1.0843325853347778;0.15675301849842072;17.204187393188477
130;0.7237725853919983;2411;1.0519201755523682;0.15545782446861267;13.673162460327148
131;0.7251551151275635;2346;1.0388171672821045;0.1614578366279602;7.252991199493408
132;0.7263810038566589;2334;1.0348286628723145;0.16661445796489716;9.510780334472656
133;0.7266325354576111;2293;1.0344295501708984;0.16783133149147034;10.129108428955078
134;0.7217665910720825;2258;1.0317870378494263;0.13580723106861115;17.264183044433594
135;0.7249020934104919;2333;1.040918231010437;0.1383313238620758;15.204492568969727
136;0.7258885502815247;2265;1.0228899717330933;0.15892770886421204;9.076729774475098
137;0.7141099572181702;2095;1.0552403926849365;0.22007228434085846;9.018203735351562
138;0.7185240983963013;2260;1.043454885482788;0.16090361773967743;8.30645751953125
139;0.7197514772415161;2147;1.0354719161987305;0.1494879573583603;8.974674224853516
140;0.7222394347190857;2258;1.0277389287948608;0.1752951741218567;11.62842845916748
141;0.7176265120506287;2114;1.0271241664886475;0.16090963780879974;16.382139205932617
142;0.7107560038566589;2242;1.0666224956512451;0.13924698531627655;17.615524291992188
143;0.7223930954933167;2037;1.0297534465789795;0.19618675112724304;9.821043968200684
144;0.7220331430435181;2011;1.0125222206115723;0.21460843086242676;9.987541198730469
145;0.7197680473327637;2003;1.0262541770935059;0.16236144304275513;10.086215019226074
146;0.7226279973983765;1994;1.0088181495666504;0.15548795461654663;10.03316879272461
147;0.725783109664917;2024;0.9967095255851746;0.22278915345668793;16.988523483276367
148;0.7023358345031738;2045;1.0864379405975342;0.18558433651924133;11.476534843444824
149;0.7263795137405396;2106;1.0085536241531372;0.14363855123519897;18.114166259765625
150;0.7286219596862793;2095;1.0022616386413574;0.14121687412261963;15.241172790527344
151;0.7165572047233582;1952;1.026721715927124;0.1845361441373825;10.847977638244629
152;0.6944743990898132;2049;1.0904573202133179;0.15720482170581818;11.17341136932373
153;0.7132695913314819;2011;1.033202052116394;0.1356024146080017;13.93453311920166
154;0.7007288932800293;2008;1.0804084539413452;0.16283735632896423;7.744652271270752
155;0.716923177242279;1943;1.0208717584609985;0.16071084141731262;10.253061294555664
156;0.720576822757721;1982;1.0093355178833008;0.15638554096221924;8.811564445495605
157;0.7218915820121765;1960;1.0034058094024658;0.2347831279039383;8.808277130126953
158;0.7240798473358154;1937;0.9964888095855713;0.16001807153224945;10.652665138244629
159;0.7248734831809998;1836;0.993852972984314;0.16306626796722412;9.794352531433105
160;0.7213749885559082;1842;0.9960880875587463;0.18921084702014923;9.434290885925293
161;0.7222289443016052;1805;0.992535412311554;0.17643976211547852;9.198122024536133
162;0.7228599190711975;1818;0.995429515838623;0.20427711308002472;9.649853706359863
163;0.7047740817070007;1965;1.033917784690857;0.17381325364112854;8.210891723632812
164;0.7185044884681702;1823;1.0121287107467651;0.15784336626529694;11.676006317138672
165;0.7246506214141846;1895;0.9958343505859375;0.16815060377120972;13.425863265991211
166;0.7234834432601929;1904;0.9957860708236694;0.14852409064769745;15.75816822052002
167;0.7088493704795837;1895;1.0420615673065186;0.13115060329437256;18.299598693847656
168;0.6930512189865112;1771;1.0596308708190918;0.1523132473230362;9.418559074401855
169;0.7230120301246643;1797;1.001552939414978;0.12940362095832825;12.189952850341797
170;0.7198448777198792;1772;0.9976808428764343;0.14536747336387634;17.95598030090332
171;0.7220211029052734;1879;0.995133638381958;0.13984337449073792;12.397004127502441
172;0.7089638710021973;1811;1.0362826585769653;0.16020481288433075;12.660578727722168
173;0.727605402469635;1715;0.9715532064437866;0.1802951842546463;12.38495922088623
174;0.7218207716941833;1772;0.9910173416137695;0.14787951111793518;8.47287368774414
175;0.7119382619857788;1759;1.0124406814575195;0.15295180678367615;8.376252174377441
176;0.70018070936203;1784;1.0499217510223389;0.1568915694952011;10.327884674072266
177;0.7224020957946777;1795;0.9861698746681213;0.1616385579109192;10.718934059143066
178;0.7239186763763428;1801;0.9788945913314819;0.1527469903230667;14.251411437988281
179;0.7154096364974976;1731;0.9989234805107117;0.22275903820991516;8.933831214904785
180;0.7258192896842957;1684;0.9807481169700623;0.17216867208480835;13.219135284423828
181;0.717039167881012;1730;0.9899963140487671;0.14769276976585388;19.054702758789062
182;0.7142635583877563;1633;0.9982321858406067;0.17995180189609528;11.834683418273926
183;0.7228900790214539;1722;0.9822985529899597;0.15937349200248718;10.042668342590332
184;0.7230256199836731;1702;0.9856259226799011;0.1827469915151596;9.770737648010254
185;0.7258539199829102;1680;0.973005473613739;0.16366265714168549;8.717048645019531
186;0.6688358187675476;1724;1.11532461643219;0.16449999809265137;12.24887752532959
187;0.720915675163269;1698;1.0035218000411987;0.13775300979614258;17.563405990600586
188;0.7231596112251282;1736;0.9810760617256165;0.12855421006679535;14.484950065612793
189;0.721234917640686;1692;0.9890865683555603;0.12027710676193237;20.070112228393555
190;0.726237952709198;1702;0.9681111574172974;0.1771325320005417;17.748313903808594
191;0.7157801389694214;1623;0.996701717376709;0.1470481902360916;11.685399055480957
192;0.7232455015182495;1652;0.9706985354423523;0.17093373835086823;8.66955280303955
193;0.7205406427383423;1642;0.9872527122497559;0.16862650215625763;9.785507202148438
194;0.7269457578659058;1655;0.9614996910095215;0.17680120468139648;7.6593170166015625
195;0.7277199029922485;1650;0.9581890106201172;0.1176024079322815;11.059471130371094
196;0.7262108325958252;1668;0.9632052779197693;0.16888554394245148;12.758208274841309
197;0.7194909453392029;1622;0.9830661416053772;0.17418071627616882;9.885661125183105
198;0.7195768356323242;1623;0.983195424079895;0.17556627094745636;11.583573341369629
199;0.724165678024292;1546;0.9684411883354187;0.1764819324016571;11.954168319702148
200;0.7209322452545166;1550;0.9731048345565796;0.23113855719566345;8.292824745178223
201;0.6881219744682312;1514;1.0585296154022217;0.10859638452529907;8.425140380859375
202;0.724341869354248;1430;0.9515149593353271;0.13172289729118347;8.407873153686523
203;0.7250542044639587;1498;0.9478186368942261;0.14916867017745972;7.962840557098389
204;0.7254894375801086;1546;0.9554699659347534;0.11133734881877899;8.531599998474121
205;0.7228900790214539;1540;0.9576016664505005;0.10906626284122467;10.283613204956055
206;0.7240632772445679;1495;0.9555933475494385;0.1271626502275467;8.835726737976074
207;0.7262274026870728;1455;0.9490175843238831;0.1210421696305275;9.963390350341797
208;0.6770301461219788;1482;1.060492992401123;0.20748795568943024;7.338938236236572
209;0.7179728746414185;1438;0.9682579040527344;0.14995180070400238;9.683708190917969
210;0.7138538956642151;1468;0.9766232371330261;0.1069638580083847;5.7906107902526855
211;0.7043147683143616;1457;0.9906439185142517;0.17731325328350067;6.946322917938232
212;0.725426197052002;1428;0.9447046518325806;0.10633734613656998;8.218606948852539
213;0.7290270924568176;1470;0.9353557825088501;0.09653614461421967;7.16801118850708
214;0.7225030064582825;1430;0.9438722729682922;0.1211867481470108;7.619510650634766
215;0.7218132615089417;1406;0.9448077082633972;0.1761445850133896;7.623224258422852
216;0.7149789333343506;1358;0.9597029089927673;0.1722349375486374;8.9539794921875
217;0.7245542407035828;1353;0.9339823722839355;0.17418675124645233;11.013307571411133
218;0.723168671131134;1359;0.9405248761177063;0.16151204705238342;13.823189735412598
219;0.7099141478538513;1378;0.9756312966346741;0.17377108335494995;11.417963981628418
220;0.7113478779792786;1367;0.9773143529891968;0.20083734393119812;7.408337116241455
221;0.7169442772865295;1430;0.9789615273475647;0.18662650883197784;10.95245361328125
222;0.7233238220214844;1412;0.9563150405883789;0.17653614282608032;9.849781036376953
223;0.7283508777618408;1266;0.9294495582580566;0.1829337328672409;9.098401069641113
224;0.7271415591239929;1232;0.9331119060516357;0.17272891104221344;8.556535720825195
225;0.7256686687469482;1345;0.9334283471107483;0.15673494338989258;9.951820373535156
226;0.7232515215873718;1328;0.9391993880271912;0.18601807951927185;8.755989074707031
227;0.7168795466423035;1327;0.9506194591522217;0.2252710908651352;9.247662544250488
228;0.7207921743392944;1331;0.9459457993507385;0.18237951397895813;8.728970527648926
229;0.7181596159934998;1340;0.9570119380950928;0.2064758986234665;8.863800048828125
230;0.7243162393569946;1333;0.9430590867996216;0.24488554894924164;13.201850891113281
231;0.7231535911560059;1295;0.9399624466896057;0.24042771756649017;12.775531768798828
232;0.7215030193328857;1350;0.9374520778656006;0.1303253024816513;16.254980087280273
233;0.7189578413963318;1291;0.9460102319717407;0.21228915452957153;7.950747013092041
234;0.7271023988723755;1322;0.9233204126358032;0.22032530605793;9.117447853088379
235;0.7300647497177124;1286;0.9190016984939575;0.23052409291267395;9.715873718261719
236;0.7241445779800415;1302;0.9333347082138062;0.23677711188793182;7.866490840911865
237;0.7232951521873474;1295;0.9287598133087158;0.17315661907196045;9.576425552368164
238;0.7274096608161926;1269;0.9152073860168457;0.18007831275463104;9.63155746459961
239;0.7250843644142151;1278;0.9286054968833923;0.17919276654720306;7.901762962341309
240;0.7237409353256226;1283;0.9474818110466003;0.17377710342407227;9.8284273147583
241;0.7201551198959351;1276;0.9459097385406494;0.17463253438472748;10.220264434814453
242;0.7260798215866089;1274;0.921501100063324;0.2077048122882843;7.4564738273620605
243;0.724040687084198;1222;0.9290496706962585;0.18319879472255707;10.307982444763184
244;0.7320828437805176;1251;0.912699818611145;0.1891987919807434;8.469331741333008
245;0.7334548234939575;1189;0.8946667909622192;0.26683133840560913;7.663755416870117
246;0.7255316376686096;1198;0.9176532626152039;0.2328132539987564;8.916152000427246
247;0.7276656627655029;1162;0.914753794670105;0.1715843379497528;10.836923599243164
248;0.7241491079330444;1235;0.9241258502006531;0.13139156997203827;8.26901912689209
249;0.7301716804504395;1243;0.9123340845108032;0.18380722403526306;9.053451538085938
250;0.7294909358024597;1195;0.9081486463546753;0.17107830941677094;9.829644203186035
251;0.7248614430427551;1206;0.9193244576454163;0.16796988248825073;9.526021003723145
252;0.7221776843070984;1217;0.9316343069076538;0.1875963807106018;7.484001636505127
253;0.7254066467285156;1255;0.927587628364563;0.17121084034442902;9.947193145751953
254;0.7256566286087036;1249;0.9274514317512512;0.1996084302663803;9.335749626159668
255;0.7194894552230835;1219;0.9377234578132629;0.2575241029262543;11.622159957885742
256;0.7190361618995667;1242;0.9467598795890808;0.18427108228206635;12.530388832092285
257;0.7170105576515198;1280;0.9529351592063904;0.15315060317516327;8.123054504394531
258;0.7182108163833618;1232;0.9392725229263306;0.1870783120393753;11.267573356628418
259;0.7182725667953491;1228;0.9420046806335449;0.1731385588645935;9.946843147277832
260;0.7249563336372375;1266;0.9221769571304321;0.17739155888557434;8.172825813293457
261;0.7242078185081482;1251;0.9265723824501038;0.19148795306682587;11.385262489318848
262;0.7163223028182983;1188;0.9472550749778748;0.2081747055053711;13.415410995483398
263;0.7211611270904541;1206;0.9351534247398376;0.2545783221721649;12.089682579040527
264;0.7292168736457825;1224;0.9113920331001282;0.23981325328350067;12.48796558380127
265;0.7298042178153992;1203;0.9083544611930847;0.181144580245018;10.95792007446289
266;0.7303177714347839;1254;0.9064833521842957;0.18483735620975494;14.98512077331543
267;0.7275150418281555;1224;0.9244602918624878;0.17512650787830353;19.57608985900879
268;0.7281897664070129;1265;0.914792001247406;0.1886807233095169;14.593584060668945
269;0.7282816171646118;1219;0.9191136956214905;0.19647590816020966;10.762641906738281
270;0.7263765335083008;1232;0.9295133948326111;0.17481325566768646;11.720104217529297
271;0.7111129760742188;1197;0.9614123702049255;0.19565662741661072;13.960946083068848
272;0.7163252830505371;1182;0.945121705532074;0.17122289538383484;12.935859680175781
273;0.7207605242729187;1165;0.9360875487327576;0.1714337319135666;10.905518531799316
274;0.7151024341583252;1165;0.950887143611908;0.15696987509727478;16.000776290893555
275;0.7106490731239319;1141;0.9508433938026428;0.1764819324016571;15.717259407043457
276;0.7195271253585815;1118;0.9336475729942322;0.17263253033161163;13.332930564880371
277;0.7291159629821777;1181;0.9078808426856995;0.1698433756828308;14.11491584777832
278;0.7159412503242493;1205;0.9386146664619446;0.17833735048770905;9.656111717224121
279;0.7285767793655396;1075;0.9047519564628601;0.18242168426513672;11.892350196838379
280;0.7310255765914917;1132;0.896221399307251;0.24606627225875854;13.534855842590332
281;0.7274789214134216;1131;0.9066663980484009;0.24787349998950958;13.021998405456543
282;0.7294231653213501;1132;0.8981636762619019;0.18813252449035645;8.639784812927246
283;0.7309969663619995;1146;0.8982411623001099;0.17928916215896606;11.944965362548828
284;0.7314051389694214;1097;0.8988345265388489;0.1995602399110794;11.14164924621582
285;0.7270376682281494;1129;0.9126023054122925;0.17389759421348572;12.37684440612793
286;0.7307018041610718;1120;0.9074682593345642;0.17649999260902405;10.579533576965332
287;0.7255210876464844;1132;0.9151126742362976;0.24309638142585754;14.666913986206055
288;0.7303434014320374;1140;0.9042664766311646;0.1681445837020874;15.861241340637207
289;0.723237931728363;1131;0.9151694178581238;0.14844578504562378;7.620599269866943
290;0.7296596169471741;1143;0.9081314206123352;0.19102409482002258;13.621195793151855
291;0.7322816252708435;1098;0.8901904225349426;0.19231325387954712;11.545090675354004
292;0.7284638285636902;1087;0.9049105644226074;0.1798253059387207;7.122776508331299
293;0.7209352254867554;1146;0.9291820526123047;0.1508132517337799;11.739837646484375
294;0.7304713726043701;1152;0.9029364585876465;0.1718132495880127;12.28289794921875
295;0.7269247174263;1169;0.9105365872383118;0.165740966796875;11.640154838562012
296;0.7269201874732971;1160;0.9079287648200989;0.24978312849998474;8.794745445251465
297;0.7286761999130249;1177;0.9108642935752869;0.19387951493263245;11.603399276733398
298;0.7296761870384216;1169;0.9145135283470154;0.18493975698947906;9.572343826293945
299;0.7288991212844849;1109;0.9146082401275635;0.194987952709198;14.542495727539062
300;0.7326069474220276;1142;0.9018529653549194;0.1864156574010849;13.412888526916504
301;0.7252981662750244;1126;0.9166491031646729;0.16717469692230225;12.240021705627441
302;0.7247409820556641;1098;0.9165712594985962;0.18521687388420105;8.605175971984863
303;0.729140043258667;1126;0.9087031483650208;0.19768674671649933;8.830684661865234
304;0.7126927971839905;1161;0.960599422454834;0.15979517996311188;8.856066703796387
305;0.7310406565666199;1171;0.9054702520370483;0.17805421352386475;8.021209716796875
306;0.7308056950569153;1127;0.9061408042907715;0.20359036326408386;11.91965389251709
307;0.7275000214576721;1177;0.9120959043502808;0.15710240602493286;12.74576473236084
308;0.7191430926322937;1135;0.9281679391860962;0.1293373554944992;10.112915992736816
309;0.7253162860870361;1153;0.9158831238746643;0.18303614854812622;13.255806922912598
310;0.7281822562217712;1159;0.9084373116493225;0.1865060180425644;11.904001235961914
311;0.7296310067176819;1186;0.9043235778808594;0.1384216845035553;11.965097427368164
312;0.7277891635894775;1114;0.906025767326355;0.18653614819049835;10.688088417053223
313;0.7289156913757324;1166;0.9033786654472351;0.188204824924469;10.041300773620605
314;0.7266882658004761;1121;0.9164007902145386;0.20140361785888672;8.903794288635254
315;0.7216626405715942;1146;0.9288555979728699;0.18357831239700317;9.020869255065918
316;0.7322183847427368;1126;0.8969020843505859;0.1693132519721985;8.1345853805542
317;0.7273840308189392;1142;0.9037905931472778;0.17174096405506134;8.811956405639648
318;0.7306596636772156;1151;0.8940510153770447;0.19289156794548035;10.082626342773438
319;0.7303644418716431;1134;0.9057735204696655;0.16769276559352875;13.209691047668457
320;0.728417158126831;1117;0.9100077152252197;0.1891024112701416;11.11590576171875
321;0.7194216847419739;1096;0.9361881613731384;0.19793373346328735;10.837512969970703
322;0.7238418459892273;1056;0.9218811988830566;0.16799397766590118;7.0348358154296875
323;0.7338418960571289;1081;0.889413595199585;0.19634337723255157;7.933671474456787
324;0.7224879264831543;1131;0.9138939380645752;0.19545181095600128;8.613823890686035
325;0.7322289347648621;1110;0.8958978652954102;0.2004096359014511;11.815104484558105
326;0.7308629751205444;1116;0.8973591923713684;0.2046385556459427;12.738036155700684
327;0.7280632257461548;1102;0.9063547849655151;0.20223493874073029;10.015684127807617
328;0.7306506037712097;1101;0.8966100215911865;0.20840361714363098;10.157328605651855
329;0.7268930673599243;1143;0.9134184718132019;0.1252289116382599;7.991398334503174
330;0.7291972637176514;1111;0.8991039395332336;0.1993192732334137;13.709043502807617
331;0.7282213568687439;1094;0.9051781892776489;0.20119880139827728;9.35069465637207
332;0.7307078242301941;1097;0.8955544233322144;0.16760240495204926;8.616639137268066
333;0.7290075421333313;1136;0.9041449427604675;0.1995120495557785;11.15937614440918
334;0.7304698824882507;1120;0.8955830335617065;0.11383132636547089;8.867274284362793
335;0.7182229161262512;1124;0.9260213375091553;0.19200602173805237;9.200650215148926
336;0.7191792130470276;1092;0.9232867956161499;0.12621083855628967;9.799628257751465
337;0.7260346412658691;1077;0.9094549417495728;0.1274999976158142;10.818151473999023
338;0.7326565980911255;1108;0.8925880193710327;0.21086746454238892;11.291913986206055
339;0.7273523807525635;1123;0.8984550833702087;0.19690361618995667;14.11028003692627
340;0.7230647802352905;1075;0.9294308423995972;0.1371084302663803;17.11286163330078
341;0.722662627696991;1076;0.9208307862281799;0.12172891199588776;8.627043724060059
342;0.7307334542274475;1084;0.8984799385070801;0.23444578051567078;12.708049774169922
343;0.7258659601211548;1074;0.9113610982894897;0.16325300931930542;9.767102241516113
344;0.7340060472488403;1082;0.8896214365959167;0.21245180070400238;7.7819743156433105
345;0.728671669960022;1083;0.9030992984771729;0.1872228980064392;10.374492645263672
346;0.7258840203285217;1074;0.9027900099754333;0.19031324982643127;8.73493480682373
347;0.7309262156486511;1056;0.900434672832489;0.21859638392925262;9.596404075622559
348;0.7293463945388794;1082;0.8953982591629028;0.19996385276317596;10.919719696044922
349;0.7298976182937622;1097;0.8958333134651184;0.1757710874080658;9.818252563476562
350;0.7304292321205139;1082;0.8941599130630493;0.17613252997398376;10.626598358154297
351;0.7310526967048645;1067;0.8902596235275269;0.1980481892824173;9.920620918273926
352;0.7287891507148743;1074;0.8973647356033325;0.11825301498174667;9.579354286193848
353;0.727939784526825;1107;0.8978069424629211;0.14627107977867126;11.098186492919922
354;0.7276174426078796;1090;0.9027350544929504;0.21390964090824127;9.32557487487793
355;0.7301430702209473;1018;0.8937343955039978;0.17545783519744873;11.99984073638916
356;0.7188689708709717;1056;0.9188957810401917;0.1712469905614853;9.43663215637207
357;0.7313539385795593;1015;0.8889990448951721;0.20834939181804657;10.4142427444458
358;0.7278026938438416;1054;0.901662290096283;0.22954216599464417;9.876253128051758
359;0.733271062374115;1058;0.8859630823135376;0.1485060304403305;10.231962203979492
360;0.7308644652366638;1016;0.8893561959266663;0.15984337031841278;11.234606742858887
361;0.7321732044219971;1016;0.8880147933959961;0.20337951183319092;10.565631866455078
362;0.7246069312095642;982;0.9014453887939453;0.20423494279384613;7.593815326690674
363;0.731885552406311;992;0.8833385705947876;0.2414819300174713;7.330067157745361
364;0.7228975892066956;1000;0.911065399646759;0.22469277679920197;9.09998607635498
365;0.731504499912262;1056;0.8870094418525696;0.20763252675533295;9.680832862854004
366;0.7250361442565918;1039;0.9097352027893066;0.18672288954257965;12.550154685974121
367;0.7302530407905579;1014;0.8921540975570679;0.2570120394229889;8.140093803405762
368;0.7300195693969727;1000;0.8895295262336731;0.2655421793460846;9.517766952514648
369;0.7224774360656738;1031;0.906510055065155;0.25911444425582886;8.518841743469238
370;0.7219653725624084;1032;0.9255843162536621;0.30177709460258484;6.215667724609375
371;0.7318629622459412;1032;0.8859754204750061;0.21637952327728271;6.188234806060791
372;0.7321761846542358;1001;0.8861115574836731;0.21186746656894684;8.71468734741211
373;0.7284894585609436;1000;0.8892794847488403;0.21803614497184753;6.604252338409424
374;0.7293779850006104;1039;0.8912237286567688;0.2223493903875351;10.466405868530273
375;0.7310346364974976;1040;0.891173779964447;0.1921566277742386;8.909127235412598
376;0.7332003116607666;1023;0.8818448781967163;0.24714457988739014;7.047939777374268
377;0.7291942834854126;1031;0.8906742334365845;0.22425903379917145;8.650775909423828
378;0.7321370244026184;983;0.8867302536964417;0.21215060353279114;7.3646769523620605
379;0.732070803642273;1038;0.8880434632301331;0.2631024122238159;9.432512283325195
380;0.7255271077156067;1018;0.9033110737800598;0.24084939062595367;8.13673210144043
381;0.7305060029029846;1013;0.8878705501556396;0.19850000739097595;8.070403099060059
382;0.7315964102745056;1056;0.8872043490409851;0.21225903928279877;6.155527114868164
383;0.7281114459037781;1015;0.8978927135467529;0.25870481133461;8.605646133422852
384;0.7295376658439636;991;0.8922145962715149;0.24298794567584991;6.969933032989502
385;0.7299171686172485;958;0.8874022960662842;0.2675602436065674;7.798374176025391
386;0.7299096584320068;962;0.8886933326721191;0.1860421746969223;9.297033309936523
387;0.7272605299949646;973;0.8871558904647827;0.27682530879974365;7.025338172912598
388;0.727290689945221;955;0.897951066493988;0.248963862657547;9.498495101928711
389;0.7316520810127258;953;0.8807979822158813;0.21946987509727478;8.622615814208984
390;0.7323629260063171;959;0.8828449845314026;0.20227710902690887;9.538174629211426
391;0.7312108278274536;954;0.877193808555603;0.23710843920707703;4.870575428009033
392;0.7278584241867065;999;0.8903390169143677;0.34012651443481445;5.008243083953857
393;0.6341912746429443;946;1.0570744276046753;0.3601987957954407;8.48575496673584
394;0.64912348985672;965;1.0655510425567627;0.18315662443637848;8.958721160888672
395;0.6622996926307678;997;1.0396404266357422;0.20189157128334045;8.890412330627441
396;0.6937349438667297;1002;1.001405119895935;0.20989759266376495;11.364580154418945
397;0.6910963654518127;985;1.0035731792449951;0.20212650299072266;11.369641304016113
398;0.6033358573913574;976;1.0895791053771973;0.2110542207956314;10.912628173828125
399;0.6738930940628052;985;1.0101778507232666;0.19184337556362152;12.022359848022461
400;0.6773990988731384;960;1.0097339153289795;0.19262650609016418;10.359135627746582
401;0.6689126491546631;978;1.0166629552841187;0.19728313386440277;11.12437915802002
402;0.6674879789352417;931;1.0136572122573853;0.1986084282398224;11.19880199432373
403;0.6978418827056885;984;0.9734250903129578;0.19849397242069244;12.755281448364258
404;0.6995301246643066;1000;0.9744982123374939;0.23933131992816925;8.677411079406738
405;0.7201656699180603;976;0.9324774146080017;0.24267469346523285;12.201974868774414
406;0.7179457545280457;990;0.9304648637771606;0.23631927371025085;9.565713882446289
407;0.7146069407463074;1016;0.9423187971115112;0.1965421736240387;11.692146301269531
408;0.7161897420883179;1007;0.9409942626953125;0.20429517328739166;10.359466552734375
409;0.7078433632850647;1030;0.9582434892654419;0.263385534286499;9.349992752075195
410;0.7167484760284424;991;0.938589870929718;0.26928314566612244;12.329010963439941
411;0.7057560086250305;956;0.960742175579071;0.1925361454486847;9.694130897521973
412;0.721045196056366;997;0.9279423952102661;0.19421084225177765;10.401921272277832
413;0.7199743986129761;966;0.9284432530403137;0.285174697637558;9.345191955566406
414;0.71770179271698;943;0.9297223091125488;0.27108433842658997;9.629475593566895
415;0.7001084089279175;972;0.9623427391052246;0.25930723547935486;10.890386581420898
416;0.7149217128753662;958;0.9309183955192566;0.19444578886032104;9.563231468200684
417;0.7132876515388489;906;0.928951621055603;0.20701807737350464;8.261610984802246
418;0.7153825163841248;987;0.9265418648719788;0.17965662479400635;15.048791885375977
419;0.717938244342804;907;0.9209499359130859;0.25990962982177734;11.885177612304688
420;0.7197575569152832;956;0.9167171716690063;0.23212650418281555;15.826430320739746
421;0.7267831563949585;962;0.9014463424682617;0.25054818391799927;11.788999557495117
422;0.7258719801902771;948;0.8931493759155273;0.24575300514698029;13.916004180908203
423;0.7203719615936279;948;0.9084083437919617;0.25326505303382874;13.457517623901367
424;0.7246084213256836;944;0.9010348916053772;0.23256024718284607;12.09451961517334
425;0.7223644852638245;868;0.9046048521995544;0.256451815366745;9.633471488952637
426;0.7212364673614502;884;0.907420814037323;0.2580421566963196;10.276314735412598
427;0.7231521010398865;909;0.8998413681983948;0.267048180103302;12.921024322509766
428;0.7232770919799805;891;0.8946854472160339;0.29259639978408813;8.899624824523926
429;0.7190060019493103;851;0.9137864112854004;0.26249396800994873;9.509599685668945
430;0.7103478908538818;885;0.930757999420166;0.22850602865219116;7.466726779937744
431;0.7170120477676392;869;0.9175711870193481;0.23522891104221344;6.413583755493164
432;0.7098343372344971;876;0.9315528273582458;0.25830721855163574;8.676034927368164
433;0.7164623737335205;874;0.9226701855659485;0.17208433151245117;7.559513568878174
434;0.7136731743812561;917;0.9253053665161133;0.2720000147819519;9.91506290435791
435;0.720447301864624;917;0.9049533009529114;0.25436145067214966;10.497722625732422
436;0.7228930592536926;925;0.8967832326889038;0.26151204109191895;8.919537544250488
437;0.7203644514083862;908;0.9003075361251831;0.26066264510154724;6.845399856567383
438;0.7258132696151733;925;0.8879454731941223;0.2728976011276245;7.885832786560059
439;0.7282695770263672;923;0.8823246359825134;0.2520120441913605;18.745891571044922
440;0.7116159796714783;859;0.9169349670410156;0.278903603553772;12.27992057800293
441;0.7281566262245178;862;0.88348788022995;0.20124095678329468;7.0143327713012695
442;0.7268192768096924;870;0.887573778629303;0.31780722737312317;7.399542331695557
443;0.7270180583000183;862;0.8833117485046387;0.21983735263347626;8.833234786987305
444;0.7241536378860474;870;0.8819071054458618;0.2785843312740326;9.021137237548828
445;0.7276279926300049;885;0.8805063962936401;0.27672892808914185;8.620452880859375
446;0.7280933856964111;900;0.8796301484107971;0.26043373346328735;11.123130798339844
447;0.7258915901184082;892;0.8946744203567505;0.25746384263038635;12.193475723266602
448;0.7236114740371704;874;0.9010881185531616;0.2656024098396301;14.012345314025879
449;0.6936023831367493;880;0.9754323959350586;0.19817470014095306;12.56652545928955
450;0.7124322056770325;915;0.9383070468902588;0.2535903751850128;14.418072700500488
451;0.7177966833114624;923;0.9210497736930847;0.2584698796272278;20.285280227661133
452;0.7208298444747925;925;0.9155809283256531;0.26946988701820374;11.90144157409668
453;0.7235376238822937;900;0.9003865122795105;0.2891867458820343;11.84398078918457
454;0.7239593267440796;867;0.8959339261054993;0.2721746861934662;14.878230094909668
455;0.7171837091445923;899;0.9082654118537903;0.2784397602081299;17.458974838256836
456;0.72557532787323;882;0.8957506418228149;0.2090241014957428;13.175013542175293
457;0.714188277721405;867;0.9257048964500427;0.2716204822063446;16.816240310668945
458;0.7237966656684875;895;0.8946935534477234;0.24994578957557678;17.14743995666504
459;0.7184743881225586;878;0.9055513143539429;0.25421687960624695;17.904052734375
460;0.7244894504547119;914;0.8971068263053894;0.3022289276123047;13.541427612304688
461;0.7256309986114502;915;0.8942844271659851;0.25935542583465576;18.141735076904297
462;0.7239051461219788;916;0.8986672759056091;0.2761988043785095;12.624722480773926
463;0.7236822247505188;915;0.8980182409286499;0.26734939217567444;18.193584442138672
464;0.7178599238395691;922;0.9086742401123047;0.2540903687477112;13.088995933532715
465;0.7306039333343506;898;0.8766445517539978;0.20441566407680511;13.317144393920898
466;0.7114141583442688;898;0.9292648434638977;0.2678493857383728;13.058586120605469
0;0.46049848198890686;204820;21.82710075378418;0.11997590214014053;12.393206596374512
1;0.5748192667961121;204820;21.558837890625;0.11299999803304672;10.704733848571777
2;0.651757538318634;205460;21.513416290283203;0.1170421689748764;13.480554580688477
3;0.6832861304283142;205460;21.450532913208008;0.13370482623577118;13.931761741638184
4;0.6886822581291199;205683;21.54197883605957;0.08016867190599442;20.509328842163086
5;0.6288569569587708;147745;16.495290756225586;0.13967469334602356;22.855323791503906
6;0.6828087568283081;145814;15.587374687194824;0.10746987909078598;17.5838623046875
7;0.6600015163421631;142300;15.31859016418457;0.12658433616161346;15.130073547363281
8;0.6835105419158936;145128;15.401845932006836;0.11395180970430374;25.85693359375
9;0.6917997002601624;144900;15.396636009216309;0.11568674445152283;20.865943908691406
10;0.6879081130027771;150981;15.601410865783691;0.14310240745544434;18.1009578704834
11;0.7066310048103333;150927;15.949263572692871;0.09995180368423462;22.8380126953125
12;0.7053448557853699;150845;15.938451766967773;0.1368674635887146;17.161619186401367
13;0.7056220173835754;150339;15.906580924987793;0.1350783109664917;13.958855628967285
14;0.7176716923713684;149839;15.844364166259766;0.1824096441268921;11.873207092285156
15;0.7061476111412048;125348;14.213322639465332;0.08606024086475372;16.395933151245117
16;0.7097499966621399;108451;12.726127624511719;0.1218433752655983;20.890968322753906
17;0.7000120282173157;104855;11.521400451660156;0.12203614413738251;14.667243957519531
18;0.7041038870811462;102584;11.207030296325684;0.13718071579933167;20.4526424407959
19;0.6970015168190002;103138;11.245847702026367;0.14425301551818848;24.27408790588379
20;0.7041204571723938;101895;11.114192008972168;0.2198554277420044;18.626834869384766
21;0.687375009059906;101042;11.044105529785156;0.06929518282413483;17.07777976989746
22;0.6844472885131836;100107;10.945613861083984;0.08613855391740799;20.410200119018555
23;0.702420175075531;99393;10.847817420959473;0.1001807227730751;21.637393951416016
24;0.7066460847854614;96332;10.73229694366455;0.1957349330186844;21.38847541809082
25;0.7038689851760864;80380;9.68907356262207;0.12553614377975464;14.71848201751709
26;0.7042590379714966;73874;8.55638599395752;0.12490963935852051;9.416462898254395
27;0.6947997212409973;69616;8.026453971862793;0.15483735501766205;16.80036735534668
28;0.678310215473175;66559;7.716518878936768;0.10311445593833923;13.321413040161133
29;0.6928343176841736;63910;7.39992618560791;0.20306023955345154;18.770063400268555
30;0.698469877243042;61843;7.168298721313477;0.2352590411901474;12.401869773864746
31;0.713445782661438;60673;6.954033851623535;0.15888553857803345;19.081628799438477
32;0.6819307208061218;55712;6.856968402862549;0.21390362083911896;18.909021377563477
33;0.7083102464675903;54606;6.3642401695251465;0.11850602179765701;18.43943977355957
34;0.7124894857406616;53376;6.226007461547852;0.16092169284820557;15.363408088684082
35;0.7054066061973572;46992;5.999799728393555;0.10372891277074814;17.679161071777344
36;0.7077515125274658;36090;4.786993980407715;0.14174096286296844;15.73490047454834
37;0.7093900442123413;31625;4.22792387008667;0.15536144375801086;14.499573707580566
38;0.7026129364967346;29944;3.9196746349334717;0.15727710723876953;15.717004776000977
39;0.7146671414375305;27513;3.7064385414123535;0.1276807188987732;15.284784317016602
40;0.7210135459899902;25337;3.4577560424804688;0.13844577968120575;14.456414222717285
41;0.7116069197654724;23381;3.2641608715057373;0.14358434081077576;15.468185424804688
42;0.7079005837440491;21685;3.100990056991577;0.1509999930858612;15.332391738891602
43;0.7092093229293823;20296;2.9340217113494873;0.14635542035102844;18.334453582763672
44;0.7061837315559387;18719;2.7893624305725098;0.16374698281288147;17.599857330322266
45;0.7130030393600464;17100;2.603196620941162;0.16354818642139435;15.80979061126709
46;0.7086400389671326;16079;2.5067880153656006;0.15366265177726746;22.511205673217773
47;0.692628026008606;15294;2.444561004638672;0.16888554394245148;13.588849067687988
48;0.7121897339820862;14755;2.309673309326172;0.15390963852405548;17.253087997436523
49;0.7055391669273376;14095;2.2983791828155518;0.13896988332271576;16.399948120117188
50;0.7094457745552063;13500;2.229475975036621;0.17353011667728424;12.737635612487793
51;0.7097982168197632;13010;2.1602768898010254;0.22410842776298523;10.347042083740234
52;0.7016671895980835;12485;2.122015953063965;0.21412047743797302;13.076765060424805
53;0.7117530107498169;11961;2.063865900039673;0.15150000154972076;13.276933670043945
54;0.7141942977905273;11462;2.007765054702759;0.18576505780220032;16.87533187866211
55;0.7085376381874084;11126;1.9916701316833496;0.11980722844600677;17.92019271850586
56;0.6868403553962708;10254;1.9533649682998657;0.1310240924358368;16.201377868652344
57;0.6996596455574036;9700;1.870818018913269;0.1575963795185089;15.107521057128906
58;0.7157018184661865;9315;1.7866218090057373;0.15530119836330414;16.328908920288086
59;0.7129849195480347;8991;1.7561678886413574;0.13053011894226074;15.524829864501953
60;0.7014578580856323;8644;1.761988878250122;0.17080722749233246;11.14197826385498
61;0.7092936635017395;8547;1.7188605070114136;0.16297590732574463;16.19912338256836
62;0.7119864225387573;8222;1.690458059310913;0.20777107775211334;13.098417282104492
63;0.7132108211517334;8072;1.638329267501831;0.1701265126466751;17.458017349243164
64;0.7137650847434998;7871;1.6419960260391235;0.1553734987974167;16.476123809814453
65;0.7066596150398254;7542;1.6290007829666138;0.1724277138710022;14.993467330932617
66;0.7008870244026184;7240;1.606597900390625;0.12080120295286179;15.547667503356934
67;0.7184156775474548;7070;1.5528382062911987;0.16645783185958862;19.16765022277832
68;0.6877455115318298;6901;1.5758708715438843;0.13646988570690155;14.339412689208984
69;0.7172831296920776;6686;1.503387689590454;0.16295181214809418;15.593100547790527
70;0.7073930501937866;6414;1.5122073888778687;0.1669156700372696;16.129606246948242
71;0.6930752992630005;6289;1.501853108406067;0.1511325240135193;16.255598068237305
72;0.7171972990036011;6062;1.4414297342300415;0.2150481939315796;13.246294021606445
73;0.710506021976471;5905;1.4376294612884521;0.15245181322097778;14.09658145904541
74;0.7188343405723572;5706;1.3979729413986206;0.14074698090553284;14.881508827209473
75;0.7127334475517273;5536;1.3872207403182983;0.14774096012115479;15.699676513671875
76;0.7109668850898743;5335;1.3803761005401611;0.2004939764738083;14.26290225982666
77;0.710501492023468;5319;1.3679885864257812;0.2111024111509323;22.349750518798828
78;0.718263566493988;5174;1.339898943901062;0.16876505315303802;16.883644104003906
79;0.7169488072395325;5094;1.3416756391525269;0.11660843342542648;15.336708068847656
80;0.7054096460342407;4968;1.3361873626708984;0.1165662631392479;16.63308334350586
81;0.7155903577804565;4830;1.313767910003662;0.10565662384033203;18.578672409057617
82;0.7097560167312622;4708;1.3109501600265503;0.11640963703393936;16.75275230407715
83;0.7131882309913635;4583;1.2832692861557007;0.10218674689531326;16.329730987548828
84;0.714725911617279;4477;1.2784188985824585;0.10994578152894974;14.346120834350586
85;0.7176611423492432;4417;1.2607824802398682;0.17859035730361938;13.504472732543945
86;0.7117455005645752;4331;1.2706130743026733;0.06949397921562195;13.962879180908203
87;0.720340371131897;4244;1.2306725978851318;0.10149397701025009;15.174017906188965
88;0.7234141826629639;4197;1.220831274986267;0.10803614556789398;13.790122032165527
89;0.7177183628082275;4074;1.2251920700073242;0.10494578629732132;13.624628067016602
90;0.7091701626777649;4036;1.2309092283248901;0.09757228940725327;13.244565963745117
91;0.7069488167762756;4001;1.2474110126495361;0.11179517954587936;16.999021530151367
92;0.7189096212387085;3858;1.2128334045410156;0.08127710968255997;12.416934967041016
93;0.719774067401886;3780;1.196323275566101;0.12836746871471405;16.2342586517334
94;0.7177274227142334;3631;1.188308596611023;0.12745782732963562;18.433137893676758
95;0.7191310524940491;3497;1.1712068319320679;0.12249397486448288;16.016895294189453
96;0.713737964630127;3473;1.1684483289718628;0.07076506316661835;14.668208122253418
97;0.7197168469429016;3337;1.1553313732147217;0.0819036141037941;13.022387504577637
98;0.7199894785881042;3289;1.139428973197937;0.09103012084960938;18.63268280029297
99;0.7152529954910278;3294;1.1594747304916382;0.09648192673921585;15.78627872467041
100;0.7213448882102966;3224;1.133894443511963;0.10196385532617569;14.572456359863281
101;0.7208508849143982;3118;1.126959204673767;0.15237951278686523;12.200897216796875
102;0.7238117456436157;3071;1.11687171459198;0.0921747013926506;14.650911331176758
103;0.7159156799316406;3032;1.1217695474624634;0.10448192805051804;10.959518432617188
104;0.7238102555274963;2993;1.1244409084320068;0.09478915482759476;16.617895126342773
105;0.7216219902038574;2991;1.107627034187317;0.17189157009124756;18.582639694213867
106;0.716320812702179;2965;1.1183077096939087;0.11742168664932251;14.358132362365723
107;0.719579815864563;2927;1.0990699529647827;0.10198193043470383;14.286382675170898
108;0.7117033004760742;2929;1.119115948677063;0.09090963751077652;15.120792388916016
109;0.7067816257476807;2864;1.1400128602981567;0.10086144506931305;15.111330032348633
110;0.7105135321617126;2856;1.1177197694778442;0.07177108526229858;17.712873458862305
111;0.6980406641960144;2833;1.1770089864730835;0.09948795288801193;16.814382553100586
112;0.7027364373207092;2877;1.127096176147461;0.0687168687582016;15.846623420715332
113;0.7032906413078308;2819;1.141389012336731;0.07542771100997925;15.184244155883789
114;0.7067108154296875;2779;1.1338529586791992;0.13916264474391937;15.372475624084473
115;0.7229171395301819;2764;1.0772130489349365;0.15909035503864288;14.107144355773926
116;0.7253463864326477;2781;1.0801727771759033;0.16679517924785614;19.51630973815918
117;0.7215376496315002;2790;1.0881364345550537;0.13844577968120575;20.132719039916992
118;0.7211084365844727;2662;1.0805628299713135;0.17564457654953003;19.665803909301758
119;0.7257439494132996;2617;1.0552111864089966;0.13896988332271576;21.160036087036133
120;0.7208012342453003;2490;1.065985918045044;0.12434940040111542;13.643264770507812
121;0.720697283744812;2573;1.064762830734253;0.13355422019958496;18.049455642700195
122;0.705003023147583;2559;1.1142792701721191;0.13064457476139069;18.97410011291504
123;0.7146415710449219;2505;1.0779978036880493;0.15762047469615936;15.996590614318848
124;0.7155677676200867;2347;1.0651954412460327;0.13871686160564423;11.313782691955566
125;0.6997033357620239;2321;1.078681230545044;0.14074698090553284;15.664751052856445
126;0.7144713997840881;2209;1.0524778366088867;0.1350361406803131;9.660572052001953
127;0.7196897864341736;2223;1.0430926084518433;0.1355542242527008;9.96241283416748
128;0.7218253016471863;2198;1.0233728885650635;0.12588554620742798;12.804603576660156
129;0.7138388752937317;2185;1.0434882640838623;0.15299397706985474;12.30113697052002
130;0.714743971824646;2107;1.0328106880187988;0.14997591078281403;16.071184158325195
131;0.7242635488510132;2056;1.0093203783035278;0.16148193180561066;14.730367660522461
132;0.7230813503265381;2056;1.00325608253479;0.15422289073467255;12.783957481384277
133;0.7200391292572021;1973;1.0024526119232178;0.17493373155593872;14.38206672668457
134;0.7165361642837524;1998;1.034956455230713;0.12362048029899597;10.175677299499512
135;0.7218493819236755;2001;1.0070780515670776;0.1370542198419571;13.74133014678955
136;0.7179081439971924;1983;1.0100806951522827;0.1561385542154312;11.435590744018555
137;0.7129533290863037;1947;1.0297380685806274;0.15856024622917175;8.493537902832031
138;0.7081400752067566;1954;1.0120604038238525;0.16393975913524628;12.127016067504883
139;0.7197018265724182;1919;0.9971855282783508;0.15234939754009247;11.663610458374023
140;0.7084924578666687;1954;1.0275094509124756;0.13024096190929413;10.907726287841797
141;0.7197831273078918;1897;1.0030853748321533;0.14589759707450867;10.733514785766602
142;0.7093915939331055;1983;1.0379836559295654;0.1314578354358673;8.51494312286377
143;0.7118674516677856;1974;1.0353662967681885;0.14307831227779388;12.856775283813477
144;0.7239217162132263;1942;0.9941800832748413;0.13052409887313843;11.044722557067871
145;0.7221852540969849;1887;0.9933720827102661;0.13633131980895996;10.79780387878418
146;0.7226039171218872;1914;0.9890260696411133;0.1567891538143158;10.966851234436035
147;0.7200918793678284;1905;0.99495530128479;0.13875903189182281;13.347567558288574
148;0.7183599472045898;1929;1.0023672580718994;0.14231927692890167;10.433341979980469
149;0.7247138619422913;1863;0.9865354895591736;0.1747771054506302;10.110077857971191
150;0.7211430668830872;1892;0.9899744987487793;0.1466686725616455;10.701430320739746
151;0.7229458093643188;1868;0.9917527437210083;0.13750602304935455;12.056290626525879
152;0.7144216895103455;1826;0.9975019097328186;0.1681927740573883;10.598529815673828
153;0.7204879522323608;1839;0.9864830374717712;0.16562047600746155;10.155878067016602
154;0.7164638638496399;1830;1.0012074708938599;0.19377711415290833;11.241385459899902
155;0.7086068987846375;1806;1.0280431509017944;0.13787952065467834;12.811903953552246
156;0.7147078514099121;1728;1.0096385478973389;0.1293313205242157;15.803529739379883
157;0.7194231748580933;1798;0.9833220839500427;0.14617469906806946;11.459214210510254
158;0.7259924411773682;1713;0.9676914811134338;0.1627710908651352;11.072952270507812
159;0.7217530012130737;1728;0.97760409116745;0.13146385550498962;12.686837196350098
160;0.7157047986984253;1639;0.9920784831047058;0.12483734637498856;15.023781776428223
161;0.7190572023391724;1744;0.9834131002426147;0.12766867876052856;11.704566955566406
162;0.6939171552658081;1677;1.0318447351455688;0.07498795539140701;12.156255722045898
163;0.7094728946685791;1582;1.0203055143356323;0.11276505887508392;11.977245330810547
164;0.7154774069786072;1609;1.0129308700561523;0.10635542124509811;10.577116012573242
165;0.7152966856956482;1558;0.9887261986732483;0.17460240423679352;14.220641136169434
166;0.7224729061126709;1532;0.9715878963470459;0.12885542213916779;11.245186805725098
167;0.7260301113128662;1553;0.9630861282348633;0.12474698573350906;11.796034812927246
168;0.724846363067627;1564;0.9540466666221619;0.11865060031414032;11.752901077270508
169;0.7168900370597839;1556;0.9788098931312561;0.153638556599617;10.101056098937988
170;0.7143915891647339;1479;0.9872665405273438;0.12573494017124176;13.371606826782227
171;0.7245934009552002;1543;0.9578370451927185;0.12096987664699554;8.842035293579102
172;0.7255527377128601;1487;0.9475741982460022;0.1249036118388176;8.947577476501465
173;0.7227017879486084;1572;0.9558601975440979;0.12496987730264664;10.825993537902832
174;0.7230979204177856;1549;0.9535049200057983;0.12169879674911499;10.662553787231445
175;0.7146235108375549;1551;0.9797754287719727;0.1064879521727562;10.264630317687988
176;0.7160677909851074;1567;0.9724003076553345;0.11093975603580475;12.149150848388672
177;0.7247334122657776;1530;0.9515542387962341;0.13467469811439514;11.945322036743164
178;0.7213298082351685;1508;0.9576649069786072;0.13795782625675201;11.038658142089844
179;0.7203313112258911;1498;0.968630850315094;0.13551807403564453;10.13664436340332
180;0.7138749957084656;1514;0.9940013885498047;0.13770481944084167;9.961043357849121
181;0.7298915386199951;1526;0.9459095597267151;0.12477108091115952;11.863582611083984
182;0.7249020934104919;1495;0.94715416431427;0.12114457786083221;12.484214782714844
183;0.7228689789772034;1514;0.9602519869804382;0.1273614466190338;11.869937896728516
184;0.7254036068916321;1482;0.9470608234405518;0.11451806873083115;10.108478546142578
185;0.7245662808418274;1486;0.9557302594184875;0.12460240721702576;8.030243873596191
186;0.7245888710021973;1509;0.9498448967933655;0.15719880163669586;8.969436645507812
187;0.7266385555267334;1410;0.9479641318321228;0.154951810836792;10.920669555664062
188;0.7232123613357544;1519;0.9428110122680664;0.14975903928279877;13.402386665344238
189;0.7243102192878723;1512;0.9534323215484619;0.14203613996505737;14.776906967163086
190;0.7298945784568787;1418;0.9297153353691101;0.12122289091348648;12.914451599121094
191;0.7275466918945312;1384;0.9336252808570862;0.12713855504989624;10.28747844696045
192;0.7141129374504089;1456;0.9610540270805359;0.14090360701084137;11.419367790222168
193;0.7266702055931091;1422;0.9370364546775818;0.14707832038402557;11.064958572387695
194;0.7153945565223694;1457;0.9592061638832092;0.14894577860832214;13.030722618103027
195;0.7283990979194641;1489;0.9410595893859863;0.1339518129825592;12.356115341186523
196;0.7212514877319336;1402;0.9521042704582214;0.15521083772182465;13.754542350769043
197;0.7262485027313232;1478;0.9346123933792114;0.13297590613365173;11.115668296813965
198;0.7254608273506165;1470;0.9410114884376526;0.12633132934570312;14.566134452819824
199;0.7241536378860474;1482;0.9507163763046265;0.14900000393390656;10.305020332336426
200;0.722923219203949;1477;0.945081353187561;0.13463854789733887;13.526307106018066
201;0.721638560295105;1431;0.9449664950370789;0.12209036201238632;9.973893165588379
202;0.7236957550048828;1390;0.9369083046913147;0.12295783311128616;12.773581504821777
203;0.7189909815788269;1435;0.957158625125885;0.11427710950374603;12.101405143737793
204;0.7220768332481384;1389;0.9674456119537354;0.13348795473575592;10.263025283813477
